Survived,Pclass,Sex,Age,SibSp,Parch,Fare,Embarked,Deck,FareLog,Title,FamilySize,IsAlone
0,3,Male,22.0,1,0,7.25,S,U,2.1102132003465894,Mr,2,0
1,1,Female,38.0,1,0,71.2833,C,C,4.2805931204649,Mrs,2,0
1,3,Female,26.0,0,0,7.925,S,U,2.188856327665703,Miss,1,1
1,1,Female,35.0,1,0,53.1,S,C,3.9908341858524357,Mrs,2,0
0,3,Male,35.0,0,0,8.05,S,U,2.2027647577118348,Mr,1,1
0,3,Male,24.0,0,0,8.4583,Q,U,2.246892662898172,Mr,1,1
0,1,Male,54.0,0,0,51.8625,S,E,3.967694202798607,Mr,1,1
0,3,Male,2.0,3,1,21.075,S,U,3.094445746490024,Master,5,0
1,3,Female,27.0,0,2,11.1333,S,U,2.4959537387180646,Mrs,3,0
1,2,Female,14.0,1,0,30.0708,C,U,3.436268471383741,Mrs,2,0
1,3,Female,4.0,1,1,16.7,S,G,2.8735646395797834,Miss,3,0
1,1,Female,58.0,0,0,26.55,S,C,3.3160025355989236,Miss,1,1
0,3,Male,20.0,0,0,8.05,S,U,2.2027647577118348,Mr,1,1
0,3,Male,39.0,1,5,31.275,S,U,3.4742929367327062,Mr,7,0
0,3,Female,14.0,0,0,7.8542,S,U,2.180891922715322,Miss,1,1
1,2,Female,55.0,0,0,16.0,S,U,2.833213344056216,Mrs,1,1
0,3,Male,2.0,4,1,29.125,Q,U,3.405355391810819,Master,6,0
1,2,Male,29.0,0,0,13.0,S,U,2.639057329615259,Mr,1,1
0,3,Female,31.0,1,0,18.0,S,U,2.9444389791664403,Mrs,2,0
1,3,Female,24.0,0,0,7.225,C,U,2.1071782966514356,Mrs,1,1
0,2,Male,35.0,0,0,26.0,S,U,3.295836866004329,Mr,1,1
1,2,Male,34.0,0,0,13.0,S,D,2.639057329615259,Mr,1,1
1,3,Female,15.0,0,0,8.0292,Q,U,2.2004637699272855,Miss,1,1
1,1,Male,28.0,0,0,35.5,S,A,3.597312260588446,Mr,1,1
0,3,Female,8.0,3,1,21.075,S,U,3.094445746490024,Miss,5,0
1,3,Female,38.0,1,5,31.3875,S,U,3.4777725458882283,Mrs,7,0
0,3,Male,24.0,0,0,7.225,C,U,2.1071782966514356,Mr,1,1
0,1,Male,19.0,3,2,263.0,S,C,5.575949103146316,Mr,6,0
1,3,Female,24.0,0,0,7.8792,Q,U,2.1837114628556327,Miss,1,1
0,3,Male,24.0,0,0,7.8958,S,U,2.1855792552411137,Mr,1,1
0,1,Male,40.0,0,0,27.7208,C,U,3.357621598945279,Rare,1,1
1,1,Female,37.0,1,0,146.5208,C,B,4.993969182787072,Mrs,2,0
1,3,Female,24.0,0,0,7.75,Q,U,2.169053700369523,Miss,1,1
0,2,Male,66.0,0,0,10.5,S,U,2.4423470353692043,Mr,1,1
0,1,Male,28.0,1,0,82.1708,C,U,4.420896324687287,Mr,2,0
0,1,Male,42.0,1,0,52.0,S,U,3.970291913552122,Mr,2,0
1,3,Male,24.0,0,0,7.2292,C,U,2.1076888046179385,Mr,1,1
0,3,Male,21.0,0,0,8.05,S,U,2.2027647577118348,Mr,1,1
0,3,Female,18.0,2,0,18.0,S,U,2.9444389791664403,Miss,3,0
1,3,Female,14.0,1,0,11.2417,C,U,2.5048481563289,Miss,2,0
0,3,Female,40.0,1,0,9.475,S,U,2.3489914658082016,Mrs,2,0
0,2,Female,27.0,1,0,21.0,S,U,3.091042453358316,Mrs,2,0
0,3,Male,24.0,0,0,7.8958,C,U,2.1855792552411137,Mr,1,1
1,2,Female,3.0,1,2,41.5792,C,U,3.7513658711253766,Miss,4,0
1,3,Female,19.0,0,0,7.8792,Q,U,2.1837114628556327,Miss,1,1
0,3,Male,24.0,0,0,8.05,S,U,2.2027647577118348,Mr,1,1
0,3,Male,24.0,1,0,15.5,Q,U,2.803360380906535,Mr,2,0
1,3,Female,24.0,0,0,7.75,Q,U,2.169053700369523,Miss,1,1
0,3,Male,24.0,2,0,21.6792,C,U,3.121448204868825,Mr,3,0
0,3,Female,18.0,1,0,17.8,S,U,2.9338568698359033,Mrs,2,0
0,3,Male,7.0,4,1,39.6875,S,U,3.705920919968788,Master,6,0
0,3,Male,21.0,0,0,7.8,S,U,2.174751721484161,Mr,1,1
1,1,Female,49.0,1,0,76.7292,C,D,4.353230991152628,Mrs,2,0
1,2,Female,29.0,1,0,26.0,S,U,3.295836866004329,Mrs,2,0
0,1,Male,65.0,0,1,61.9792,C,B,4.142804513146981,Mr,2,0
1,1,Male,37.0,0,0,35.5,S,C,3.597312260588446,Mr,1,1
1,2,Female,21.0,0,0,10.5,S,U,2.4423470353692043,Miss,1,1
0,3,Male,28.5,0,0,7.2292,C,U,2.1076888046179385,Mr,1,1
1,2,Female,5.0,1,2,27.75,S,U,3.3586377672433594,Miss,4,0
0,3,Male,11.0,5,2,46.9,S,U,3.8691155044168695,Master,8,0
0,3,Male,22.0,0,0,7.2292,C,U,2.1076888046179385,Mr,1,1
1,1,Female,38.0,0,0,80.0,S,B,4.394449154672439,Miss,1,1
0,1,Male,45.0,1,0,83.475,S,C,4.436455632600354,Mr,2,0
0,3,Male,4.0,3,2,27.9,S,U,3.3638415951183864,Master,6,0
0,1,Male,37.0,0,0,27.7208,C,U,3.357621598945279,Mr,1,1
1,3,Male,24.0,1,1,15.2458,C,U,2.7878344138303452,Master,3,0
1,2,Female,29.0,0,0,10.5,S,F,2.4423470353692043,Mrs,1,1
0,3,Male,19.0,0,0,8.1583,S,U,2.2146605719425225,Mr,1,1
1,3,Female,17.0,4,2,7.925,S,U,2.188856327665703,Miss,7,0
0,3,Male,26.0,2,0,8.6625,S,U,2.2682524139135403,Mr,3,0
0,2,Male,32.0,0,0,10.5,S,U,2.4423470353692043,Mr,1,1
0,3,Female,16.0,5,2,46.9,S,U,3.8691155044168695,Miss,8,0
0,2,Male,21.0,0,0,73.5,S,U,4.310799125385514,Mr,1,1
0,3,Male,26.0,1,0,14.4542,C,U,2.737880811060884,Mr,2,0
1,3,Male,32.0,0,0,56.4958,S,U,4.051711901657239,Mr,1,1
0,3,Male,25.0,0,0,7.65,S,F,2.157559320943788,Mr,1,1
0,3,Male,24.0,0,0,7.8958,S,U,2.1855792552411137,Mr,1,1
0,3,Male,24.0,0,0,8.05,S,U,2.2027647577118348,Mr,1,1
1,2,Male,0.83,0,2,29.0,S,U,3.4011973816621555,Master,3,0
1,3,Female,30.0,0,0,12.475,S,U,2.600836116795061,Miss,1,1
0,3,Male,22.0,0,0,9.0,S,U,2.302585092994046,Mr,1,1
1,3,Male,29.0,0,0,9.5,S,U,2.3513752571634776,Mr,1,1
1,3,Female,24.0,0,0,7.7875,Q,U,2.1733302571367834,Miss,1,1
0,1,Male,28.0,0,0,47.1,S,U,3.8732821771117156,Mr,1,1
1,2,Female,17.0,0,0,10.5,S,U,2.4423470353692043,Miss,1,1
1,3,Female,33.0,3,0,15.85,S,U,2.8243506567983707,Mrs,4,0
0,3,Male,16.0,1,3,34.375,S,U,3.5660053559634015,Mr,5,0
0,3,Male,24.0,0,0,8.05,S,U,2.2027647577118348,Mr,1,1
1,1,Female,23.0,3,2,263.0,S,C,5.575949103146316,Miss,6,0
0,3,Male,24.0,0,0,8.05,S,U,2.2027647577118348,Mr,1,1
0,3,Male,29.0,0,0,8.05,S,U,2.2027647577118348,Mr,1,1
0,3,Male,20.0,0,0,7.8542,S,U,2.180891922715322,Mr,1,1
0,1,Male,46.0,1,0,61.175,S,E,4.1299529896894684,Mr,2,0
0,3,Male,26.0,1,2,20.575,S,U,3.0715352369694915,Mr,4,0
0,3,Male,59.0,0,0,7.25,S,U,2.1102132003465894,Mr,1,1
0,3,Male,24.0,0,0,8.05,S,U,2.2027647577118348,Mr,1,1
0,1,Male,71.0,0,0,34.6542,C,A,3.57386695198272,Mr,1,1
1,1,Male,23.0,0,1,63.3583,C,D,4.164465907853638,Mr,2,0
1,2,Female,34.0,0,1,23.0,S,U,3.1780538303479458,Mrs,2,0
0,2,Male,34.0,1,0,26.0,S,U,3.295836866004329,Mr,2,0
0,3,Female,28.0,0,0,7.8958,S,U,2.1855792552411137,Miss,1,1
0,3,Male,24.0,0,0,7.8958,S,U,2.1855792552411137,Mr,1,1
0,1,Male,21.0,0,1,77.2875,S,D,4.360387947851531,Mr,2,0
0,3,Male,33.0,0,0,8.6542,S,U,2.267393053825037,Mr,1,1
0,3,Male,37.0,2,0,7.925,S,U,2.188856327665703,Mr,3,0
0,3,Male,28.0,0,0,7.8958,S,U,2.1855792552411137,Mr,1,1
1,3,Female,21.0,0,0,7.65,S,U,2.157559320943788,Miss,1,1
1,3,Male,24.0,0,0,7.775,S,U,2.1719067693519296,Mr,1,1
0,3,Male,38.0,0,0,7.8958,S,U,2.1855792552411137,Mr,1,1
1,3,Female,24.0,1,0,24.15,Q,U,3.224857896545748,Miss,2,0
0,1,Male,47.0,0,0,52.0,S,C,3.970291913552122,Mr,1,1
0,3,Female,14.5,1,0,14.4542,C,U,2.737880811060884,Miss,2,0
0,3,Male,22.0,0,0,8.05,S,U,2.2027647577118348,Mr,1,1
0,3,Female,20.0,1,0,9.825,S,U,2.3818582738885534,Miss,2,0
0,3,Female,17.0,0,0,14.4583,C,U,2.738146075922933,Miss,1,1
0,3,Male,21.0,0,0,7.925,S,U,2.188856327665703,Mr,1,1
0,3,Male,70.5,0,0,7.75,Q,U,2.169053700369523,Mr,1,1
0,2,Male,29.0,1,0,21.0,S,U,3.091042453358316,Mr,2,0
0,1,Male,24.0,0,1,247.5208,C,B,5.515526544247129,Mr,2,0
0,3,Female,2.0,4,2,31.275,S,U,3.4742929367327062,Miss,7,0
0,2,Male,21.0,2,0,73.5,S,U,4.310799125385514,Mr,3,0
0,3,Male,24.0,0,0,8.05,S,U,2.2027647577118348,Mr,1,1
0,2,Male,32.5,1,0,30.0708,C,U,3.436268471383741,Mr,2,0
1,2,Female,32.5,0,0,13.0,S,E,2.639057329615259,Miss,1,1
0,1,Male,54.0,0,1,77.2875,S,D,4.360387947851531,Mr,2,0
1,3,Male,12.0,1,0,11.2417,C,U,2.5048481563289,Master,2,0
0,3,Male,24.0,0,0,7.75,Q,U,2.169053700369523,Mr,1,1
1,3,Male,24.0,0,0,7.1417,S,U,2.0969990034181696,Mr,1,1
1,3,Female,24.0,1,1,22.3583,C,F,3.1509523813392697,Miss,3,0
0,3,Male,45.0,0,0,6.975,S,U,2.076311648670908,Mr,1,1
0,3,Male,33.0,0,0,7.8958,C,U,2.1855792552411137,Mr,1,1
0,3,Male,20.0,0,0,7.05,S,U,2.085672091430472,Mr,1,1
0,3,Female,47.0,1,0,14.5,S,U,2.740840023925201,Mrs,2,0
1,2,Female,29.0,1,0,26.0,S,U,3.295836866004329,Mrs,2,0
0,2,Male,25.0,0,0,13.0,S,U,2.639057329615259,Mr,1,1
0,2,Male,23.0,0,0,15.0458,C,U,2.775447133088262,Mr,1,1
1,1,Female,19.0,0,2,26.2833,S,D,3.3062747934011893,Miss,3,0
0,1,Male,37.0,1,0,53.1,S,C,3.9908341858524357,Mr,2,0
0,3,Male,16.0,0,0,9.2167,S,U,2.3240236363515288,Mr,1,1
0,1,Male,24.0,0,0,79.2,C,B,4.384523514872469,Mr,1,1
0,3,Female,24.0,0,2,15.2458,C,U,2.7878344138303452,Mrs,3,0
1,3,Female,22.0,0,0,7.75,S,U,2.169053700369523,Miss,1,1
1,3,Female,24.0,1,0,15.85,S,U,2.8243506567983707,Mrs,2,0
0,3,Male,19.0,0,0,6.75,Q,U,2.0476928433652555,Mr,1,1
0,2,Male,18.0,0,0,11.5,S,U,2.5257286443082556,Mr,1,1
0,2,Male,19.0,1,1,36.75,S,U,3.6309854756950335,Mr,3,0
1,3,Male,27.0,0,0,7.7958,S,U,2.174274334826008,Mr,1,1
0,3,Female,9.0,2,2,34.375,S,U,3.5660053559634015,Miss,5,0
0,2,Male,36.5,0,2,26.0,S,F,3.295836866004329,Mr,3,0
0,2,Male,42.0,0,0,13.0,S,U,2.639057329615259,Rare,1,1
0,2,Male,51.0,0,0,12.525,S,U,2.6045398247325453,Rare,1,1
1,1,Female,22.0,1,0,66.6,S,C,4.213607983048918,Mrs,2,0
0,3,Male,55.5,0,0,8.05,S,U,2.2027647577118348,Mr,1,1
0,3,Male,40.5,0,2,14.5,S,U,2.740840023925201,Mr,3,0
0,3,Male,24.0,0,0,7.3125,S,U,2.1177604059819726,Mr,1,1
0,1,Male,51.0,0,1,61.3792,C,U,4.133231886474144,Mr,2,0
1,3,Female,16.0,0,0,7.7333,Q,U,2.167143305297764,Miss,1,1
0,3,Male,30.0,0,0,8.05,S,U,2.2027647577118348,Mr,1,1
0,3,Male,24.0,0,0,8.6625,S,U,2.2682524139135403,Mr,1,1
0,3,Male,24.0,8,2,69.55,S,U,4.256321678298823,Master,11,0
0,3,Male,44.0,0,1,16.1,S,U,2.8390784635086144,Mr,2,0
1,2,Female,40.0,0,0,15.75,S,U,2.8183982582710754,Mrs,1,1
0,3,Male,26.0,0,0,7.775,S,U,2.1719067693519296,Mr,1,1
0,3,Male,17.0,0,0,8.6625,S,U,2.2682524139135403,Mr,1,1
0,3,Male,1.0,4,1,39.6875,S,U,3.705920919968788,Master,6,0
1,3,Male,9.0,0,2,20.525,S,U,3.0692150503137943,Master,3,0
1,1,Female,37.0,0,1,55.0,S,E,4.02535169073515,Mrs,2,0
0,3,Female,45.0,1,4,27.9,S,U,3.3638415951183864,Mrs,6,0
0,1,Male,37.0,0,0,25.925,S,U,3.2930552230424524,Mr,1,1
0,3,Male,28.0,0,0,56.4958,S,U,4.051711901657239,Mr,1,1
0,1,Male,61.0,0,0,33.5,S,B,3.5409593240373143,Mr,1,1
0,3,Male,4.0,4,1,29.125,Q,U,3.405355391810819,Master,6,0
1,3,Female,1.0,1,1,11.1333,S,U,2.4959537387180646,Miss,3,0
0,3,Male,21.0,0,0,7.925,S,U,2.188856327665703,Mr,1,1
0,1,Male,56.0,0,0,30.6958,C,A,3.4561841799918147,Mr,1,1
0,3,Male,18.0,1,1,7.8542,S,U,2.180891922715322,Mr,3,0
0,3,Male,24.0,3,1,25.4667,S,U,3.275887339030031,Master,5,0
0,1,Female,50.0,0,0,28.7125,C,C,3.391567832686312,Miss,1,1
0,2,Male,30.0,0,0,13.0,S,U,2.639057329615259,Mr,1,1
0,3,Male,36.0,0,0,0.0,S,U,0.0,Mr,1,1
0,3,Female,24.0,8,2,69.55,S,U,4.256321678298823,Miss,11,0
0,2,Male,29.0,0,0,15.05,C,U,2.775708849576025,Mr,1,1
0,3,Male,9.0,4,2,31.3875,S,U,3.4777725458882283,Master,7,0
1,2,Male,1.0,2,1,39.0,S,F,3.6888794541139363,Master,4,0
1,3,Female,4.0,0,2,22.025,S,U,3.1365805821413706,Miss,3,0
0,1,Male,37.0,0,0,50.0,S,A,3.9318256327243257,Mr,1,1
1,3,Female,24.0,1,0,15.5,Q,U,2.803360380906535,Mrs,2,0
1,1,Male,45.0,0,0,26.55,S,U,3.3160025355989236,Mr,1,1
0,3,Male,40.0,1,1,15.5,Q,U,2.803360380906535,Mr,3,0
0,3,Male,36.0,0,0,7.8958,S,U,2.1855792552411137,Mr,1,1
1,2,Female,32.0,0,0,13.0,S,U,2.639057329615259,Mrs,1,1
0,2,Male,19.0,0,0,13.0,S,U,2.639057329615259,Mr,1,1
1,3,Female,19.0,1,0,7.8542,S,U,2.180891922715322,Miss,2,0
1,2,Male,3.0,1,1,26.0,S,F,3.295836866004329,Master,3,0
1,1,Female,44.0,0,0,27.7208,C,B,3.357621598945279,Mrs,1,1
1,1,Female,58.0,0,0,146.5208,C,B,4.993969182787072,Miss,1,1
0,3,Male,24.0,0,0,7.75,Q,U,2.169053700369523,Mr,1,1
0,3,Male,42.0,0,1,8.4042,S,U,2.241156397997397,Mr,2,0
1,3,Female,24.0,0,0,7.75,Q,U,2.169053700369523,Miss,1,1
0,2,Female,24.0,0,0,13.0,S,U,2.639057329615259,Miss,1,1
0,3,Male,28.0,0,0,9.5,S,U,2.3513752571634776,Mr,1,1
0,3,Male,24.0,8,2,69.55,S,U,4.256321678298823,Mr,11,0
0,3,Male,34.0,0,0,6.4958,S,U,2.0143428636837015,Mr,1,1
0,3,Male,45.5,0,0,7.225,C,U,2.1071782966514356,Mr,1,1
1,3,Male,18.0,0,0,8.05,S,U,2.2027647577118348,Mr,1,1
0,3,Female,2.0,0,1,10.4625,S,G,2.4390808375825834,Miss,2,0
0,3,Male,32.0,1,0,15.85,S,U,2.8243506567983707,Mr,2,0
1,3,Male,26.0,0,0,18.7875,C,U,2.9850504252071306,Mr,1,1
1,3,Female,16.0,0,0,7.75,Q,U,2.169053700369523,Miss,1,1
1,1,Male,40.0,0,0,31.0,C,A,3.4657359027997265,Mr,1,1
0,3,Male,24.0,0,0,7.05,S,U,2.085672091430472,Mr,1,1
1,2,Female,35.0,0,0,21.0,S,U,3.091042453358316,Miss,1,1
0,3,Male,22.0,0,0,7.25,S,U,2.1102132003465894,Mr,1,1
0,2,Male,30.0,0,0,13.0,S,U,2.639057329615259,Mr,1,1
0,3,Male,24.0,1,0,7.75,Q,U,2.169053700369523,Mr,2,0
1,1,Female,31.0,1,0,113.275,C,D,4.738607824217808,Miss,2,0
1,3,Female,27.0,0,0,7.925,S,U,2.188856327665703,Miss,1,1
0,2,Male,42.0,1,0,27.0,S,U,3.332204510175204,Mr,2,0
1,1,Female,32.0,0,0,76.2917,C,D,4.347586575960343,Miss,1,1
0,2,Male,30.0,0,0,10.5,S,U,2.4423470353692043,Mr,1,1
1,3,Male,16.0,0,0,8.05,S,U,2.2027647577118348,Mr,1,1
0,2,Male,27.0,0,0,13.0,S,U,2.639057329615259,Mr,1,1
0,3,Male,51.0,0,0,8.05,S,U,2.2027647577118348,Mr,1,1
0,3,Male,24.0,0,0,7.8958,S,U,2.1855792552411137,Mr,1,1
1,1,Male,38.0,1,0,90.0,S,C,4.51085950651685,Mr,2,0
0,3,Male,22.0,0,0,9.35,S,U,2.336986519711378,Mr,1,1
1,2,Male,19.0,0,0,10.5,S,U,2.4423470353692043,Mr,1,1
0,3,Male,20.5,0,0,7.25,S,U,2.1102132003465894,Mr,1,1
0,2,Male,18.0,0,0,13.0,S,U,2.639057329615259,Mr,1,1
0,3,Female,24.0,3,1,25.4667,S,U,3.275887339030031,Miss,5,0
1,1,Female,35.0,1,0,83.475,S,C,4.436455632600354,Mrs,2,0
0,3,Male,29.0,0,0,7.775,S,U,2.1719067693519296,Mr,1,1
0,2,Male,59.0,0,0,13.5,S,U,2.6741486494265287,Mr,1,1
1,3,Female,5.0,4,2,31.3875,S,U,3.4777725458882283,Miss,7,0
0,2,Male,24.0,0,0,10.5,S,U,2.4423470353692043,Mr,1,1
0,3,Female,24.0,0,0,7.55,S,U,2.145931282948669,Miss,1,1
0,2,Male,44.0,1,0,26.0,S,U,3.295836866004329,Mr,2,0
1,2,Female,8.0,0,2,26.25,S,U,3.305053521109253,Miss,3,0
0,2,Male,19.0,0,0,10.5,S,U,2.4423470353692043,Mr,1,1
0,2,Male,33.0,0,0,12.275,S,U,2.5858825671280026,Mr,1,1
0,3,Female,24.0,1,0,14.4542,C,U,2.737880811060884,Miss,2,0
1,3,Female,24.0,1,0,15.5,Q,U,2.803360380906535,Miss,2,0
0,2,Male,29.0,0,0,10.5,S,U,2.4423470353692043,Mr,1,1
0,3,Male,22.0,0,0,7.125,S,U,2.094945728215801,Mr,1,1
0,3,Male,30.0,0,0,7.225,C,U,2.1071782966514356,Mr,1,1
0,1,Male,44.0,2,0,90.0,Q,C,4.51085950651685,Rare,3,0
0,3,Female,25.0,0,0,7.775,S,U,2.1719067693519296,Miss,1,1
1,2,Female,24.0,0,2,14.5,S,U,2.740840023925201,Mrs,3,0
1,1,Male,37.0,1,1,52.5542,S,D,3.9806942251907276,Mr,3,0
0,2,Male,54.0,1,0,26.0,S,U,3.295836866004329,Rare,2,0
0,3,Male,24.0,0,0,7.25,S,U,2.1102132003465894,Mr,1,1
0,3,Female,29.0,1,1,10.4625,S,G,2.4390808375825834,Mrs,3,0
0,1,Male,62.0,0,0,26.55,S,C,3.3160025355989236,Mr,1,1
0,3,Male,30.0,1,0,16.1,S,U,2.8390784635086144,Mr,2,0
0,3,Female,41.0,0,2,20.2125,S,U,3.0545906305603445,Mrs,3,0
1,3,Female,29.0,0,2,15.2458,C,U,2.7878344138303452,Mrs,3,0
1,1,Female,37.0,0,0,79.2,C,U,4.384523514872469,Mrs,1,1
1,1,Female,30.0,0,0,86.5,S,B,4.471638793363569,Miss,1,1
1,1,Female,35.0,0,0,512.3292,C,U,6.240917354759096,Miss,1,1
1,2,Female,50.0,0,1,26.0,S,U,3.295836866004329,Mrs,2,0
0,3,Male,24.0,0,0,7.75,Q,U,2.169053700369523,Mr,1,1
1,3,Male,3.0,4,2,31.3875,S,U,3.4777725458882283,Master,7,0
0,1,Male,52.0,1,1,79.65,S,E,4.390118804571218,Mr,3,0
0,1,Male,40.0,0,0,0.0,S,B,0.0,Mr,1,1
0,3,Female,24.0,0,0,7.75,Q,U,2.169053700369523,Miss,1,1
0,2,Male,36.0,0,0,10.5,S,U,2.4423470353692043,Mr,1,1
0,3,Male,16.0,4,1,39.6875,S,U,3.705920919968788,Mr,6,0
1,3,Male,25.0,1,0,7.775,S,U,2.1719067693519296,Mr,2,0
1,1,Female,58.0,0,1,153.4625,S,C,5.039951348430309,Mrs,2,0
1,1,Female,35.0,0,0,135.6333,S,C,4.91730069488021,Miss,1,1
0,1,Male,37.0,0,0,31.0,S,U,3.4657359027997265,Mr,1,1
1,3,Male,25.0,0,0,0.0,S,U,0.0,Mr,1,1
1,2,Female,41.0,0,1,19.5,S,U,3.0204248861443626,Mrs,2,0
0,1,Male,37.0,0,1,29.7,C,C,3.4242626545931514,Mr,2,0
1,3,Female,24.0,0,0,7.75,Q,U,2.169053700369523,Miss,1,1
1,1,Female,63.0,1,0,77.9583,S,D,4.368919865004903,Miss,2,0
0,3,Female,45.0,0,0,7.75,S,U,2.169053700369523,Miss,1,1
0,2,Male,29.0,0,0,0.0,S,U,0.0,Mr,1,1
0,3,Male,7.0,4,1,29.125,Q,U,3.405355391810819,Master,6,0
1,3,Female,35.0,1,1,20.25,S,U,3.056356895370426,Mrs,3,0
0,3,Male,65.0,0,0,7.75,Q,U,2.169053700369523,Mr,1,1
0,3,Male,28.0,0,0,7.8542,S,U,2.180891922715322,Mr,1,1
0,3,Male,16.0,0,0,9.5,S,U,2.3513752571634776,Mr,1,1
1,3,Male,19.0,0,0,8.05,S,U,2.2027647577118348,Mr,1,1
0,1,Male,37.0,0,0,26.0,S,A,3.295836866004329,Mr,1,1
0,3,Male,33.0,0,0,8.6625,C,U,2.2682524139135403,Mr,1,1
1,3,Male,30.0,0,0,9.5,S,U,2.3513752571634776,Mr,1,1
0,3,Male,22.0,0,0,7.8958,S,U,2.1855792552411137,Mr,1,1
1,2,Male,42.0,0,0,13.0,S,U,2.639057329615259,Mr,1,1
1,3,Female,22.0,0,0,7.75,Q,U,2.169053700369523,Miss,1,1
1,1,Female,26.0,0,0,78.85,S,U,4.380149874661021,Miss,1,1
1,1,Female,19.0,1,0,91.0792,C,B,4.5226490762785785,Mrs,2,0
0,2,Male,36.0,0,0,12.875,C,D,2.630088659632498,Mr,1,1
0,3,Female,24.0,0,0,8.85,S,U,2.2874714551839976,Miss,1,1
0,3,Male,24.0,0,0,7.8958,S,U,2.1855792552411137,Mr,1,1
0,1,Male,37.0,0,0,27.7208,C,U,3.357621598945279,Mr,1,1
0,3,Male,23.5,0,0,7.2292,C,U,2.1076888046179385,Mr,1,1
0,1,Female,2.0,1,2,151.55,S,C,5.027492411162679,Miss,4,0
1,1,Male,37.0,0,0,30.5,S,C,3.449987545831587,Mr,1,1
1,1,Female,50.0,0,1,247.5208,C,B,5.515526544247129,Mrs,2,0
1,3,Female,24.0,0,0,7.75,Q,U,2.169053700369523,Miss,1,1
1,3,Male,24.0,2,0,23.25,Q,U,3.188416617383492,Mr,3,0
0,3,Male,19.0,0,0,0.0,S,U,0.0,Mr,1,1
1,2,Female,29.0,0,0,12.35,Q,E,2.5915163848462583,Miss,1,1
0,3,Male,24.0,0,0,8.05,S,U,2.2027647577118348,Mr,1,1
1,1,Male,0.92,1,2,151.55,S,C,5.027492411162679,Master,4,0
1,1,Female,37.0,0,0,110.8833,C,U,4.717456363787216,Miss,1,1
1,1,Female,17.0,1,0,108.9,C,C,4.699570861409576,Mrs,2,0
0,2,Male,30.0,1,0,24.0,C,U,3.2188758248682006,Mr,2,0
1,1,Female,30.0,0,0,56.9292,C,E,4.0592215752427645,Miss,1,1
1,1,Female,24.0,0,0,83.1583,C,C,4.432699549165613,Miss,1,1
1,1,Female,18.0,2,2,262.375,C,B,5.5735788721243535,Miss,5,0
0,2,Female,26.0,1,1,26.0,S,U,3.295836866004329,Mrs,3,0
0,3,Male,28.0,0,0,7.8958,S,U,2.1855792552411137,Mr,1,1
0,2,Male,43.0,1,1,26.25,S,U,3.305053521109253,Mr,3,0
1,3,Female,26.0,0,0,7.8542,S,U,2.180891922715322,Miss,1,1
1,2,Female,24.0,1,0,26.0,S,U,3.295836866004329,Mrs,2,0
0,2,Male,54.0,0,0,14.0,S,U,2.70805020110221,Rare,1,1
1,1,Female,31.0,0,2,164.8667,S,C,5.11118445372147,Miss,3,0
1,1,Female,40.0,1,1,134.5,C,E,4.908971640319756,Mrs,3,0
0,3,Male,22.0,0,0,7.25,S,U,2.1102132003465894,Mr,1,1
0,3,Male,27.0,0,0,7.8958,S,U,2.1855792552411137,Mr,1,1
1,2,Female,30.0,0,0,12.35,Q,U,2.5915163848462583,Miss,1,1
1,2,Female,22.0,1,1,29.0,S,U,3.4011973816621555,Mrs,3,0
0,3,Male,24.0,8,2,69.55,S,U,4.256321678298823,Mr,11,0
1,1,Female,36.0,0,0,135.6333,C,C,4.91730069488021,Miss,1,1
0,3,Male,61.0,0,0,6.2375,S,U,1.9792758428991135,Mr,1,1
1,2,Female,36.0,0,0,13.0,S,D,2.639057329615259,Mrs,1,1
1,3,Female,31.0,1,1,20.525,S,U,3.0692150503137943,Mrs,3,0
1,1,Female,16.0,0,1,57.9792,C,B,4.077184839375167,Miss,2,0
1,3,Female,24.0,2,0,23.25,Q,U,3.188416617383492,Miss,3,0
0,1,Male,45.5,0,0,28.5,S,C,3.3843902633457743,Mr,1,1
0,1,Male,38.0,0,1,153.4625,S,C,5.039951348430309,Mr,2,0
0,3,Male,16.0,2,0,18.0,S,U,2.9444389791664403,Mr,3,0
1,1,Female,37.0,1,0,133.65,S,U,4.902678819257608,Mrs,2,0
0,3,Male,24.0,0,0,7.8958,S,U,2.1855792552411137,Mr,1,1
0,1,Male,29.0,1,0,66.6,S,C,4.213607983048918,Mr,2,0
1,1,Female,41.0,0,0,134.5,C,E,4.908971640319756,Miss,1,1
1,3,Male,45.0,0,0,8.05,S,U,2.2027647577118348,Mr,1,1
0,1,Male,45.0,0,0,35.5,S,T,3.597312260588446,Mr,1,1
1,2,Male,2.0,1,1,26.0,S,F,3.295836866004329,Master,3,0
1,1,Female,24.0,3,2,263.0,S,C,5.575949103146316,Miss,6,0
0,2,Male,28.0,0,0,13.0,S,U,2.639057329615259,Mr,1,1
0,2,Male,25.0,0,0,13.0,S,U,2.639057329615259,Mr,1,1
0,2,Male,36.0,0,0,13.0,S,U,2.639057329615259,Mr,1,1
1,2,Female,24.0,0,0,13.0,S,F,2.639057329615259,Miss,1,1
1,2,Female,40.0,0,0,13.0,S,U,2.639057329615259,Miss,1,1
1,3,Female,24.0,1,0,16.1,S,U,2.8390784635086144,Mrs,2,0
1,3,Male,3.0,1,1,15.9,S,U,2.827313621929028,Master,3,0
0,3,Male,42.0,0,0,8.6625,S,U,2.2682524139135403,Mr,1,1
0,3,Male,23.0,0,0,9.225,S,U,2.3248357019288655,Mr,1,1
0,1,Male,37.0,0,0,35.0,S,C,3.58351893845611,Mr,1,1
0,3,Male,15.0,1,1,7.2292,C,U,2.1076888046179385,Mr,3,0
0,3,Male,25.0,1,0,17.8,S,U,2.9338568698359033,Mr,2,0
0,3,Male,24.0,0,0,7.225,C,U,2.1071782966514356,Mr,1,1
0,3,Male,28.0,0,0,9.5,S,U,2.3513752571634776,Mr,1,1
1,1,Female,22.0,0,1,55.0,S,E,4.02535169073515,Miss,2,0
0,2,Female,38.0,0,0,13.0,S,U,2.639057329615259,Miss,1,1
1,3,Female,24.0,0,0,7.8792,Q,U,2.1837114628556327,Miss,1,1
1,3,Female,24.0,0,0,7.8792,Q,U,2.1837114628556327,Miss,1,1
0,3,Male,40.0,1,4,27.9,S,U,3.3638415951183864,Mr,6,0
0,2,Male,29.0,1,0,27.7208,C,U,3.357621598945279,Mr,2,0
0,3,Female,45.0,0,1,14.4542,C,U,2.737880811060884,Mrs,2,0
0,3,Male,35.0,0,0,7.05,S,U,2.085672091430472,Mr,1,1
0,3,Male,24.0,1,0,15.5,Q,U,2.803360380906535,Mr,2,0
0,3,Male,30.0,0,0,7.25,S,U,2.1102132003465894,Mr,1,1
1,1,Female,60.0,1,0,75.25,C,D,4.334017415487521,Mrs,2,0
1,3,Female,24.0,0,0,7.2292,C,U,2.1076888046179385,Mrs,1,1
1,3,Female,24.0,0,0,7.75,Q,U,2.169053700369523,Miss,1,1
1,1,Female,24.0,0,0,69.3,C,B,4.252771798816619,Mrs,1,1
1,1,Male,25.0,1,0,55.4417,C,E,4.0332082470129285,Mr,2,0
0,3,Male,18.0,1,0,6.4958,S,U,2.0143428636837015,Mr,2,0
0,3,Male,19.0,0,0,8.05,S,U,2.2027647577118348,Mr,1,1
0,1,Male,22.0,0,0,135.6333,C,U,4.91730069488021,Mr,1,1
0,3,Female,3.0,3,1,21.075,S,U,3.094445746490024,Miss,5,0
1,1,Female,37.0,1,0,82.1708,C,U,4.420896324687287,Mrs,2,0
1,3,Female,22.0,0,0,7.25,S,U,2.1102132003465894,Miss,1,1
0,1,Male,27.0,0,2,211.5,C,C,5.358941988364472,Mr,3,0
0,3,Male,20.0,0,0,4.0125,C,U,1.6119347926326877,Mr,1,1
0,3,Male,19.0,0,0,7.775,S,U,2.1719067693519296,Mr,1,1
1,1,Female,42.0,0,0,227.525,C,U,5.4316456135398825,Miss,1,1
1,3,Female,1.0,0,2,15.7417,C,U,2.817902613071225,Miss,3,0
0,3,Male,32.0,0,0,7.925,S,U,2.188856327665703,Mr,1,1
1,1,Female,35.0,1,0,52.0,S,U,3.970291913552122,Mrs,2,0
0,3,Male,24.0,0,0,7.8958,S,U,2.1855792552411137,Mr,1,1
0,2,Male,18.0,0,0,73.5,S,U,4.310799125385514,Mr,1,1
0,3,Male,1.0,5,2,46.9,S,U,3.8691155044168695,Master,8,0
1,2,Female,36.0,0,0,13.0,S,U,2.639057329615259,Miss,1,1
0,3,Male,24.0,0,0,7.7292,Q,U,2.1666737276227077,Mr,1,1
1,2,Female,17.0,0,0,12.0,C,U,2.5649493574615367,Miss,1,1
1,1,Male,36.0,1,2,120.0,S,B,4.795790545596741,Mr,4,0
1,3,Male,21.0,0,0,7.7958,S,U,2.174274334826008,Mr,1,1
0,3,Male,28.0,2,0,7.925,S,U,2.188856327665703,Mr,3,0
1,1,Female,23.0,1,0,113.275,C,D,4.738607824217808,Miss,2,0
1,3,Female,24.0,0,2,16.7,S,G,2.8735646395797834,Mrs,3,0
0,3,Male,22.0,0,0,7.7958,S,U,2.174274334826008,Mr,1,1
0,3,Female,31.0,0,0,7.8542,S,U,2.180891922715322,Miss,1,1
0,2,Male,46.0,0,0,26.0,S,U,3.295836866004329,Mr,1,1
0,2,Male,23.0,0,0,10.5,S,U,2.4423470353692043,Rare,1,1
1,2,Female,28.0,0,0,12.65,S,U,2.613739521630969,Mrs,1,1
1,3,Male,39.0,0,0,7.925,S,U,2.188856327665703,Mr,1,1
0,3,Male,26.0,0,0,8.05,S,U,2.2027647577118348,Mr,1,1
0,3,Female,21.0,1,0,9.825,S,U,2.3818582738885534,Miss,2,0
0,3,Male,28.0,1,0,15.85,S,U,2.8243506567983707,Mr,2,0
0,3,Female,20.0,0,0,8.6625,S,U,2.2682524139135403,Miss,1,1
0,2,Male,34.0,1,0,21.0,S,U,3.091042453358316,Mr,2,0
0,3,Male,51.0,0,0,7.75,S,U,2.169053700369523,Mr,1,1
1,2,Male,3.0,1,1,18.75,S,U,2.9831534913471307,Master,3,0
0,3,Male,21.0,0,0,7.775,S,U,2.1719067693519296,Mr,1,1
0,3,Female,24.0,3,1,25.4667,S,U,3.275887339030031,Miss,5,0
0,3,Male,24.0,0,0,7.8958,S,U,2.1855792552411137,Mr,1,1
0,3,Male,24.0,0,0,6.8583,Q,U,2.061570298060867,Mr,1,1
1,1,Female,33.0,1,0,90.0,Q,C,4.51085950651685,Miss,2,0
0,2,Male,29.0,0,0,0.0,S,U,0.0,Mr,1,1
1,3,Male,44.0,0,0,7.925,S,U,2.188856327665703,Mr,1,1
0,3,Female,24.0,0,0,8.05,S,U,2.2027647577118348,Mrs,1,1
1,2,Female,34.0,1,1,32.5,S,U,3.5115454388310208,Mrs,3,0
1,2,Female,18.0,0,2,13.0,S,U,2.639057329615259,Miss,3,0
0,2,Male,30.0,0,0,13.0,S,U,2.639057329615259,Mr,1,1
0,3,Female,10.0,0,2,24.15,S,U,3.224857896545748,Miss,3,0
0,3,Male,24.0,0,0,7.8958,C,U,2.1855792552411137,Mr,1,1
0,3,Male,21.0,0,0,7.7333,Q,U,2.167143305297764,Mr,1,1
0,3,Male,29.0,0,0,7.875,S,U,2.1832383353614793,Mr,1,1
0,3,Female,28.0,1,1,14.4,S,U,2.7343675094195836,Mrs,3,0
0,3,Male,18.0,1,1,20.2125,S,U,3.0545906305603445,Mr,3,0
0,3,Male,24.0,0,0,7.25,S,U,2.1102132003465894,Mr,1,1
1,2,Female,28.0,1,0,26.0,S,U,3.295836866004329,Mrs,2,0
1,2,Female,19.0,0,0,26.0,S,U,3.295836866004329,Miss,1,1
0,3,Male,24.0,0,0,7.75,Q,U,2.169053700369523,Mr,1,1
1,3,Male,32.0,0,0,8.05,S,E,2.2027647577118348,Mr,1,1
1,1,Male,28.0,0,0,26.55,S,C,3.3160025355989236,Mr,1,1
1,3,Female,24.0,1,0,16.1,S,U,2.8390784635086144,Mrs,2,0
1,2,Female,42.0,1,0,26.0,S,U,3.295836866004329,Mrs,2,0
0,3,Male,17.0,0,0,7.125,S,U,2.094945728215801,Mr,1,1
0,1,Male,50.0,1,0,55.9,S,E,4.041295341132285,Mr,2,0
1,1,Female,14.0,1,2,120.0,S,B,4.795790545596741,Miss,4,0
0,3,Female,21.0,2,2,34.375,S,U,3.5660053559634015,Miss,5,0
1,2,Female,24.0,2,3,18.75,S,U,2.9831534913471307,Mrs,6,0
0,1,Male,64.0,1,4,263.0,S,C,5.575949103146316,Mr,6,0
0,2,Male,31.0,0,0,10.5,S,U,2.4423470353692043,Mr,1,1
1,2,Female,45.0,1,1,26.25,S,U,3.305053521109253,Mrs,3,0
0,3,Male,20.0,0,0,9.5,S,U,2.3513752571634776,Mr,1,1
0,3,Male,25.0,1,0,7.775,S,U,2.1719067693519296,Mr,2,0
1,2,Female,28.0,0,0,13.0,S,U,2.639057329615259,Miss,1,1
1,3,Male,24.0,0,0,8.1125,S,U,2.2096470973347766,Mr,1,1
1,1,Male,4.0,0,2,81.8583,S,A,4.417131919904876,Master,3,0
1,2,Female,13.0,0,1,19.5,S,U,3.0204248861443626,Miss,2,0
1,1,Male,34.0,0,0,26.55,S,U,3.3160025355989236,Mr,1,1
1,3,Female,5.0,2,1,19.2583,C,U,3.0085645861193133,Miss,4,0
1,1,Male,52.0,0,0,30.5,S,C,3.449987545831587,Rare,1,1
0,2,Male,36.0,1,2,27.75,S,U,3.3586377672433594,Mr,4,0
0,3,Male,24.0,1,0,19.9667,S,U,3.0429354648621407,Mr,2,0
0,1,Male,30.0,0,0,27.75,C,C,3.3586377672433594,Mr,1,1
1,1,Male,49.0,1,0,89.1042,C,C,4.500966778400217,Mr,2,0
0,3,Male,24.0,0,0,8.05,S,U,2.2027647577118348,Mr,1,1
1,3,Male,29.0,0,0,7.8958,C,U,2.1855792552411137,Mr,1,1
0,1,Male,65.0,0,0,26.55,S,E,3.3160025355989236,Mr,1,1
1,1,Female,37.0,1,0,51.8625,S,D,3.967694202798607,Mrs,2,0
1,2,Female,50.0,0,0,10.5,S,U,2.4423470353692043,Miss,1,1
0,3,Male,24.0,0,0,7.75,Q,U,2.169053700369523,Mr,1,1
1,1,Male,48.0,0,0,26.55,S,E,3.3160025355989236,Mr,1,1
0,3,Male,34.0,0,0,8.05,S,U,2.2027647577118348,Mr,1,1
0,1,Male,47.0,0,0,38.5,S,E,3.676300671907076,Mr,1,1
0,2,Male,48.0,0,0,13.0,S,U,2.639057329615259,Mr,1,1
0,3,Male,24.0,0,0,8.05,S,U,2.2027647577118348,Mr,1,1
0,3,Male,38.0,0,0,7.05,S,U,2.085672091430472,Mr,1,1
0,2,Male,29.0,0,0,0.0,S,U,0.0,Mr,1,1
0,1,Male,56.0,0,0,26.55,S,U,3.3160025355989236,Mr,1,1
0,3,Male,24.0,0,0,7.725,Q,U,2.1661924680884908,Mr,1,1
1,3,Female,0.75,2,1,19.2583,C,U,3.0085645861193133,Miss,4,0
0,3,Male,24.0,0,0,7.25,S,U,2.1102132003465894,Mr,1,1
0,3,Male,38.0,0,0,8.6625,S,U,2.2682524139135403,Mr,1,1
1,2,Female,33.0,1,2,27.75,S,U,3.3586377672433594,Mrs,4,0
1,2,Female,23.0,0,0,13.7917,C,D,2.694066212646058,Mrs,1,1
0,3,Female,22.0,0,0,9.8375,S,U,2.3830123421066602,Miss,1,1
0,1,Male,37.0,0,0,52.0,S,A,3.970291913552122,Mr,1,1
0,2,Male,34.0,1,0,21.0,S,U,3.091042453358316,Mr,2,0
0,3,Male,29.0,1,0,7.0458,S,U,2.0851502161468174,Mr,2,0
0,3,Male,22.0,0,0,7.5208,S,U,2.142510233146819,Mr,1,1
1,3,Female,2.0,0,1,12.2875,S,U,2.586823743668066,Miss,2,0
0,3,Male,9.0,5,2,46.9,S,U,3.8691155044168695,Master,8,0
0,2,Male,29.0,0,0,0.0,S,U,0.0,Mr,1,1
0,3,Male,50.0,0,0,8.05,S,U,2.2027647577118348,Mr,1,1
1,3,Female,63.0,0,0,9.5875,S,U,2.3596740599781727,Mrs,1,1
1,1,Male,25.0,1,0,91.0792,C,B,4.5226490762785785,Mr,2,0
0,3,Female,24.0,3,1,25.4667,S,U,3.275887339030031,Miss,5,0
1,1,Female,35.0,1,0,90.0,S,C,4.51085950651685,Mrs,2,0
0,1,Male,58.0,0,0,29.7,C,B,3.4242626545931514,Mr,1,1
0,3,Male,30.0,0,0,8.05,S,U,2.2027647577118348,Mr,1,1
1,3,Male,9.0,1,1,15.9,S,U,2.827313621929028,Master,3,0
0,3,Male,24.0,1,0,19.9667,S,U,3.0429354648621407,Mr,2,0
0,3,Male,21.0,0,0,7.25,S,U,2.1102132003465894,Mr,1,1
0,1,Male,55.0,0,0,30.5,S,C,3.449987545831587,Mr,1,1
0,1,Male,71.0,0,0,49.5042,C,U,3.922056501139853,Mr,1,1
0,3,Male,21.0,0,0,8.05,S,U,2.2027647577118348,Mr,1,1
0,3,Male,24.0,0,0,14.4583,C,U,2.738146075922933,Mr,1,1
1,1,Female,54.0,1,0,78.2667,C,D,4.37281811610993,Miss,2,0
0,3,Male,24.0,0,0,15.1,S,U,2.7788192719904172,Mr,1,1
0,1,Female,25.0,1,2,151.55,S,C,5.027492411162679,Mrs,4,0
0,3,Male,24.0,0,0,7.7958,S,U,2.174274334826008,Mr,1,1
0,3,Male,17.0,0,0,8.6625,S,U,2.2682524139135403,Mr,1,1
0,3,Female,21.0,0,0,7.75,Q,U,2.169053700369523,Miss,1,1
0,3,Female,24.0,0,0,7.6292,Q,U,2.155151800914312,Miss,1,1
0,3,Female,37.0,0,0,9.5875,S,U,2.3596740599781727,Miss,1,1
1,1,Female,16.0,0,0,86.5,S,B,4.471638793363569,Miss,1,1
0,1,Male,18.0,1,0,108.9,C,C,4.699570861409576,Mr,2,0
1,2,Female,33.0,0,2,26.0,S,U,3.295836866004329,Mrs,3,0
1,1,Male,37.0,0,0,26.55,S,U,3.3160025355989236,Mr,1,1
0,3,Male,28.0,0,0,22.525,S,U,3.1580636854714434,Mr,1,1
1,3,Male,26.0,0,0,56.4958,S,U,4.051711901657239,Mr,1,1
1,3,Male,29.0,0,0,7.75,Q,U,2.169053700369523,Mr,1,1
0,3,Male,24.0,0,0,8.05,S,U,2.2027647577118348,Mr,1,1
1,1,Male,36.0,0,0,26.2875,S,E,3.3064287218760624,Mr,1,1
1,1,Female,54.0,1,0,59.4,C,U,4.100989104940769,Mrs,2,0
0,3,Male,24.0,0,0,7.4958,S,U,2.139571923732859,Mr,1,1
0,1,Male,47.0,0,0,34.0208,S,D,3.5559421706858756,Mr,1,1
1,2,Female,34.0,0,0,10.5,S,F,2.4423470353692043,Mrs,1,1
0,3,Male,24.0,0,0,24.15,Q,U,3.224857896545748,Mr,1,1
1,2,Female,36.0,1,0,26.0,S,U,3.295836866004329,Mrs,2,0
0,3,Male,32.0,0,0,7.8958,S,U,2.1855792552411137,Mr,1,1
1,1,Female,30.0,0,0,93.5,S,B,4.548599834499697,Miss,1,1
0,3,Male,22.0,0,0,7.8958,S,U,2.1855792552411137,Mr,1,1
0,3,Male,24.0,0,0,7.225,C,U,2.1071782966514356,Mr,1,1
1,1,Female,44.0,0,1,57.9792,C,B,4.077184839375167,Mrs,2,0
0,3,Male,24.0,0,0,7.2292,C,U,2.1076888046179385,Mr,1,1
0,3,Male,40.5,0,0,7.75,Q,U,2.169053700369523,Mr,1,1
1,2,Female,50.0,0,0,10.5,S,U,2.4423470353692043,Miss,1,1
0,1,Male,37.0,0,0,221.7792,S,C,5.406181146423973,Mr,1,1
0,3,Male,39.0,0,0,7.925,S,U,2.188856327665703,Mr,1,1
0,2,Male,23.0,2,1,11.5,S,U,2.5257286443082556,Mr,4,0
1,2,Female,2.0,1,1,26.0,S,U,3.295836866004329,Miss,3,0
0,3,Male,24.0,0,0,7.2292,C,U,2.1076888046179385,Mr,1,1
0,3,Male,17.0,1,1,7.2292,C,U,2.1076888046179385,Mr,3,0
1,3,Female,24.0,0,2,22.3583,C,U,3.1509523813392697,Mrs,3,0
0,3,Female,30.0,0,0,8.6625,S,U,2.2682524139135403,Miss,1,1
1,2,Female,7.0,0,2,26.25,S,U,3.305053521109253,Miss,3,0
0,1,Male,45.0,0,0,26.55,S,B,3.3160025355989236,Rare,1,1
1,1,Female,30.0,0,0,106.425,C,U,4.676792929661059,Miss,1,1
0,3,Male,24.0,0,0,14.5,S,U,2.740840023925201,Mr,1,1
1,1,Female,22.0,0,2,49.5,C,B,3.9219733362813143,Miss,3,0
1,1,Female,36.0,0,2,71.0,S,B,4.276666119016055,Miss,3,0
0,3,Female,9.0,4,2,31.275,S,U,3.4742929367327062,Miss,7,0
0,3,Female,11.0,4,2,31.275,S,U,3.4742929367327062,Miss,7,0
1,2,Male,32.0,1,0,26.0,S,U,3.295836866004329,Mr,2,0
0,1,Male,50.0,1,0,106.425,C,C,4.676792929661059,Mr,2,0
0,1,Male,64.0,0,0,26.0,S,U,3.295836866004329,Mr,1,1
1,2,Female,19.0,1,0,26.0,S,U,3.295836866004329,Mrs,2,0
1,2,Male,29.0,0,0,13.8625,C,U,2.6988412620169004,Mr,1,1
0,3,Male,33.0,1,1,20.525,S,U,3.0692150503137943,Mr,3,0
1,2,Male,8.0,1,1,36.75,S,U,3.6309854756950335,Master,3,0
1,1,Male,17.0,0,2,110.8833,C,C,4.717456363787216,Mr,3,0
0,2,Male,27.0,0,0,26.0,S,U,3.295836866004329,Mr,1,1
0,3,Male,24.0,0,0,7.8292,Q,U,2.17806441028492,Mr,1,1
1,3,Male,22.0,0,0,7.225,C,U,2.1071782966514356,Mr,1,1
1,3,Female,22.0,0,0,7.775,S,U,2.1719067693519296,Miss,1,1
0,1,Male,62.0,0,0,26.55,S,U,3.3160025355989236,Mr,1,1
1,1,Female,48.0,1,0,39.6,C,A,3.703768066607687,Rare,2,0
0,1,Male,37.0,0,0,227.525,C,U,5.4316456135398825,Mr,1,1
1,1,Female,39.0,1,1,79.65,S,E,4.390118804571218,Mrs,3,0
1,3,Female,36.0,1,0,17.4,S,U,2.91235066461494,Mrs,2,0
0,3,Male,24.0,0,0,7.75,Q,U,2.169053700369523,Mr,1,1
0,3,Male,40.0,0,0,7.8958,S,U,2.1855792552411137,Mr,1,1
0,2,Male,28.0,0,0,13.5,S,U,2.6741486494265287,Mr,1,1
0,3,Male,24.0,0,0,8.05,S,U,2.2027647577118348,Mr,1,1
0,3,Female,24.0,0,0,8.05,S,U,2.2027647577118348,Miss,1,1
0,3,Male,24.0,2,0,24.15,S,U,3.224857896545748,Mr,3,0
0,3,Male,19.0,0,0,7.8958,S,U,2.1855792552411137,Mr,1,1
0,3,Female,29.0,0,4,21.075,S,U,3.094445746490024,Mrs,5,0
0,3,Male,24.0,0,0,7.2292,C,U,2.1076888046179385,Mr,1,1
1,3,Male,32.0,0,0,7.8542,S,U,2.180891922715322,Mr,1,1
1,2,Male,62.0,0,0,10.5,S,U,2.4423470353692043,Mr,1,1
1,1,Female,53.0,2,0,51.4792,S,C,3.960416900617205,Mrs,3,0
1,1,Male,36.0,0,0,26.3875,S,E,3.3100867049215847,Mr,1,1
1,3,Female,24.0,0,0,7.75,Q,U,2.169053700369523,Miss,1,1
0,3,Male,16.0,0,0,8.05,S,U,2.2027647577118348,Mr,1,1
0,3,Male,19.0,0,0,14.5,S,U,2.740840023925201,Mr,1,1
1,2,Female,34.0,0,0,13.0,S,U,2.639057329615259,Miss,1,1
1,1,Female,39.0,1,0,55.9,S,E,4.041295341132285,Mrs,2,0
0,3,Female,24.0,1,0,14.4583,C,U,2.738146075922933,Mrs,2,0
1,3,Male,32.0,0,0,7.925,S,U,2.188856327665703,Mr,1,1
1,2,Female,25.0,1,1,30.0,S,U,3.4339872044851463,Miss,3,0
1,1,Female,39.0,1,1,110.8833,C,C,4.717456363787216,Mrs,3,0
0,2,Male,54.0,0,0,26.0,S,U,3.295836866004329,Mr,1,1
0,1,Male,36.0,0,0,40.125,C,A,3.716616209085536,Mr,1,1
0,3,Male,24.0,0,0,8.7125,C,U,2.2734137156937657,Mr,1,1
1,1,Female,18.0,0,2,79.65,S,E,4.390118804571218,Miss,3,0
0,2,Male,47.0,0,0,15.0,S,U,2.772588722239781,Mr,1,1
1,1,Male,60.0,1,1,79.2,C,B,4.384523514872469,Mr,3,0
0,3,Male,22.0,0,0,8.05,S,U,2.2027647577118348,Mr,1,1
0,3,Male,24.0,0,0,8.05,S,U,2.2027647577118348,Mr,1,1
0,3,Male,35.0,0,0,7.125,S,U,2.094945728215801,Mr,1,1
1,1,Female,52.0,1,0,78.2667,C,D,4.37281811610993,Mrs,2,0
0,3,Male,47.0,0,0,7.25,S,U,2.1102132003465894,Mr,1,1
0,3,Female,24.0,0,2,7.75,Q,U,2.169053700369523,Miss,3,0
0,2,Male,37.0,1,0,26.0,S,U,3.295836866004329,Mr,2,0
0,3,Male,36.0,1,1,24.15,S,U,3.224857896545748,Mr,3,0
1,2,Female,29.0,0,0,33.0,S,U,3.5263605246161616,Miss,1,1
0,3,Male,49.0,0,0,0.0,S,U,0.0,Mr,1,1
0,3,Male,24.0,0,0,7.225,C,U,2.1071782966514356,Mr,1,1
1,1,Male,49.0,1,0,56.9292,C,A,4.0592215752427645,Rare,2,0
1,2,Female,24.0,2,1,27.0,S,U,3.332204510175204,Mrs,4,0
0,3,Male,24.0,0,0,7.8958,S,U,2.1855792552411137,Mr,1,1
0,1,Male,37.0,0,0,42.4,S,U,3.770459441106359,Mr,1,1
0,3,Male,44.0,0,0,8.05,S,U,2.2027647577118348,Mr,1,1
1,1,Male,35.0,0,0,26.55,C,U,3.3160025355989236,Mr,1,1
0,3,Male,36.0,1,0,15.55,S,U,2.806386101823072,Mr,2,0
0,3,Male,30.0,0,0,7.8958,S,U,2.1855792552411137,Mr,1,1
1,1,Male,27.0,0,0,30.5,S,U,3.449987545831587,Mr,1,1
1,2,Female,22.0,1,2,41.5792,C,U,3.7513658711253766,Mrs,4,0
1,1,Female,40.0,0,0,153.4625,S,C,5.039951348430309,Miss,1,1
0,3,Female,39.0,1,5,31.275,S,U,3.4742929367327062,Mrs,7,0
0,3,Male,24.0,0,0,7.05,S,U,2.085672091430472,Mr,1,1
1,3,Female,24.0,1,0,15.5,Q,U,2.803360380906535,Miss,2,0
0,3,Male,24.0,0,0,7.75,Q,U,2.169053700369523,Mr,1,1
0,3,Male,35.0,0,0,8.05,S,U,2.2027647577118348,Mr,1,1
1,2,Female,24.0,1,2,65.0,S,U,4.189654742026425,Miss,4,0
0,3,Male,34.0,1,1,14.4,S,U,2.7343675094195836,Mr,3,0
0,3,Female,26.0,1,0,16.1,S,U,2.8390784635086144,Mrs,2,0
1,2,Female,4.0,2,1,39.0,S,F,3.6888794541139363,Miss,4,0
0,2,Male,26.0,0,0,10.5,S,U,2.4423470353692043,Mr,1,1
0,3,Male,27.0,1,0,14.4542,C,U,2.737880811060884,Mr,2,0
1,1,Male,42.0,1,0,52.5542,S,D,3.9806942251907276,Mr,2,0
1,3,Male,20.0,1,1,15.7417,C,U,2.817902613071225,Mr,3,0
0,3,Male,21.0,0,0,7.8542,S,U,2.180891922715322,Mr,1,1
0,3,Male,21.0,0,0,16.1,S,U,2.8390784635086144,Mr,1,1
0,1,Male,61.0,0,0,32.3208,S,D,3.5061818266142577,Mr,1,1
0,2,Male,57.0,0,0,12.35,Q,U,2.5915163848462583,Rare,1,1
1,1,Female,21.0,0,0,77.9583,S,D,4.368919865004903,Miss,1,1
0,3,Male,26.0,0,0,7.8958,S,U,2.1855792552411137,Mr,1,1
0,3,Male,24.0,0,0,7.7333,Q,U,2.167143305297764,Mr,1,1
1,1,Male,80.0,0,0,30.0,S,A,3.4339872044851463,Mr,1,1
0,3,Male,51.0,0,0,7.0542,S,U,2.086193694502369,Mr,1,1
1,1,Male,32.0,0,0,30.5,C,B,3.449987545831587,Rare,1,1
0,1,Male,37.0,0,0,0.0,S,U,0.0,Mr,1,1
0,3,Female,9.0,3,2,27.9,S,U,3.3638415951183864,Miss,6,0
1,2,Female,28.0,0,0,13.0,S,U,2.639057329615259,Miss,1,1
0,3,Male,32.0,0,0,7.925,S,U,2.188856327665703,Mr,1,1
0,2,Male,31.0,1,1,26.25,S,U,3.305053521109253,Mr,3,0
0,3,Female,41.0,0,5,39.6875,S,U,3.705920919968788,Mrs,6,0
0,3,Male,24.0,1,0,16.1,S,U,2.8390784635086144,Mr,2,0
0,3,Male,20.0,0,0,7.8542,S,U,2.180891922715322,Mr,1,1
1,1,Female,24.0,0,0,69.3,C,B,4.252771798816619,Miss,1,1
0,3,Female,2.0,3,2,27.9,S,U,3.3638415951183864,Miss,6,0
1,3,Male,24.0,0,0,56.4958,S,U,4.051711901657239,Mr,1,1
1,3,Female,0.75,2,1,19.2583,C,U,3.0085645861193133,Miss,4,0
1,1,Male,48.0,1,0,76.7292,C,D,4.353230991152628,Mr,2,0
0,3,Male,19.0,0,0,7.8958,S,U,2.1855792552411137,Mr,1,1
1,1,Male,56.0,0,0,35.5,C,A,3.597312260588446,Rare,1,1
0,3,Male,24.0,0,0,7.55,S,U,2.145931282948669,Mr,1,1
1,3,Female,23.0,0,0,7.55,S,U,2.145931282948669,Miss,1,1
0,3,Male,24.0,0,0,7.8958,S,U,2.1855792552411137,Mr,1,1
1,2,Female,18.0,0,1,23.0,S,U,3.1780538303479458,Miss,2,0
0,3,Male,21.0,0,0,8.4333,S,U,2.2442459824059346,Mr,1,1
1,3,Female,24.0,0,0,7.8292,Q,U,2.17806441028492,Miss,1,1
0,3,Female,18.0,0,0,6.75,Q,U,2.0476928433652555,Miss,1,1
0,2,Male,24.0,2,0,73.5,S,U,4.310799125385514,Mr,3,0
0,3,Male,24.0,0,0,7.8958,S,U,2.1855792552411137,Mr,1,1
0,3,Female,32.0,1,1,15.5,Q,U,2.803360380906535,Mrs,3,0
0,2,Male,23.0,0,0,13.0,S,U,2.639057329615259,Mr,1,1
0,1,Male,58.0,0,2,113.275,C,D,4.738607824217808,Mr,3,0
1,1,Male,50.0,2,0,133.65,S,U,4.902678819257608,Rare,3,0
0,3,Male,40.0,0,0,7.225,C,U,2.1071782966514356,Mr,1,1
0,1,Male,47.0,0,0,25.5875,S,E,3.2804411805263554,Mr,1,1
0,3,Male,36.0,0,0,7.4958,S,U,2.139571923732859,Mr,1,1
1,3,Male,20.0,1,0,7.925,S,U,2.188856327665703,Mr,2,0
0,2,Male,32.0,2,0,73.5,S,U,4.310799125385514,Mr,3,0
0,2,Male,25.0,0,0,13.0,S,U,2.639057329615259,Mr,1,1
0,3,Male,24.0,0,0,7.775,S,U,2.1719067693519296,Mr,1,1
0,3,Male,43.0,0,0,8.05,S,U,2.2027647577118348,Mr,1,1
1,1,Female,37.0,1,0,52.0,S,C,3.970291913552122,Mrs,2,0
1,2,Female,40.0,1,1,39.0,S,U,3.6888794541139363,Mrs,3,0
0,1,Male,31.0,1,0,52.0,S,B,3.970291913552122,Mr,2,0
0,2,Male,70.0,0,0,10.5,S,U,2.4423470353692043,Mr,1,1
1,2,Male,31.0,0,0,13.0,S,U,2.639057329615259,Mr,1,1
0,2,Male,29.0,0,0,0.0,S,U,0.0,Mr,1,1
0,3,Male,18.0,0,0,7.775,S,U,2.1719067693519296,Mr,1,1
0,3,Male,24.5,0,0,8.05,S,U,2.2027647577118348,Mr,1,1
1,3,Female,18.0,0,0,9.8417,S,U,2.3833998102837652,Miss,1,1
0,3,Female,43.0,1,6,46.9,S,U,3.8691155044168695,Mrs,8,0
1,1,Male,36.0,0,1,512.3292,C,B,6.240917354759096,Mr,2,0
0,3,Female,24.0,0,0,8.1375,Q,U,2.212386825075897,Miss,1,1
1,1,Male,27.0,0,0,76.7292,C,D,4.353230991152628,Mr,1,1
0,3,Male,20.0,0,0,9.225,S,U,2.3248357019288655,Mr,1,1
0,3,Male,14.0,5,2,46.9,S,U,3.8691155044168695,Mr,8,0
0,2,Male,60.0,1,1,39.0,S,U,3.6888794541139363,Mr,3,0
0,2,Male,25.0,1,2,41.5792,C,U,3.7513658711253766,Mr,4,0
0,3,Male,14.0,4,1,39.6875,S,U,3.705920919968788,Mr,6,0
0,3,Male,19.0,0,0,10.1708,S,U,2.4133032309283076,Mr,1,1
0,3,Male,18.0,0,0,7.7958,S,U,2.174274334826008,Mr,1,1
1,1,Female,15.0,0,1,211.3375,S,B,5.35817698994543,Miss,2,0
1,1,Male,31.0,1,0,57.0,S,B,4.060443010546419,Mr,2,0
1,3,Female,4.0,0,1,13.4167,C,U,2.668387256845834,Miss,2,0
1,3,Male,24.0,0,0,56.4958,S,U,4.051711901657239,Mr,1,1
0,3,Male,25.0,0,0,7.225,C,U,2.1071782966514356,Mr,1,1
0,1,Male,60.0,0,0,26.55,S,U,3.3160025355989236,Rare,1,1
0,2,Male,52.0,0,0,13.5,S,U,2.6741486494265287,Mr,1,1
0,3,Male,44.0,0,0,8.05,S,U,2.2027647577118348,Mr,1,1
1,3,Female,24.0,0,0,7.7333,Q,U,2.167143305297764,Miss,1,1
0,1,Male,49.0,1,1,110.8833,C,C,4.717456363787216,Mr,3,0
0,3,Male,42.0,0,0,7.65,S,F,2.157559320943788,Mr,1,1
1,1,Female,18.0,1,0,227.525,C,C,5.4316456135398825,Mrs,2,0
1,1,Male,35.0,0,0,26.2875,S,E,3.3064287218760624,Mr,1,1
0,3,Female,18.0,0,1,14.4542,C,U,2.737880811060884,Miss,2,0
0,3,Male,25.0,0,0,7.7417,Q,U,2.1681046787623672,Mr,1,1
0,3,Male,26.0,1,0,7.8542,S,U,2.180891922715322,Mr,2,0
0,2,Male,39.0,0,0,26.0,S,U,3.295836866004329,Mr,1,1
1,2,Female,45.0,0,0,13.5,S,U,2.6741486494265287,Mrs,1,1
1,1,Male,42.0,0,0,26.2875,S,E,3.3064287218760624,Mr,1,1
1,1,Female,22.0,0,0,151.55,S,U,5.027492411162679,Miss,1,1
1,3,Male,24.0,1,1,15.2458,C,U,2.7878344138303452,Master,3,0
1,1,Female,24.0,0,0,49.5042,C,C,3.922056501139853,Miss,1,1
0,1,Male,37.0,0,0,26.55,S,C,3.3160025355989236,Mr,1,1
1,1,Male,48.0,1,0,52.0,S,C,3.970291913552122,Mr,2,0
0,3,Male,29.0,0,0,9.4833,S,U,2.3497835148230464,Mr,1,1
0,2,Male,52.0,0,0,13.0,S,U,2.639057329615259,Mr,1,1
0,3,Male,19.0,0,0,7.65,S,F,2.157559320943788,Mr,1,1
1,1,Female,38.0,0,0,227.525,C,C,5.4316456135398825,Miss,1,1
1,2,Female,27.0,0,0,10.5,S,E,2.4423470353692043,Miss,1,1
0,3,Male,24.0,0,0,15.5,Q,U,2.803360380906535,Mr,1,1
0,3,Male,33.0,0,0,7.775,S,U,2.1719067693519296,Mr,1,1
1,2,Female,6.0,0,1,33.0,S,U,3.5263605246161616,Miss,2,0
0,3,Male,17.0,1,0,7.0542,S,U,2.086193694502369,Mr,2,0
0,2,Male,34.0,0,0,13.0,S,U,2.639057329615259,Mr,1,1
0,2,Male,50.0,0,0,13.0,S,U,2.639057329615259,Mr,1,1
1,1,Male,27.0,1,0,53.1,S,E,3.9908341858524357,Mr,2,0
0,3,Male,20.0,0,0,8.6625,S,U,2.2682524139135403,Mr,1,1
1,2,Female,30.0,3,0,21.0,S,U,3.091042453358316,Mrs,4,0
1,3,Female,24.0,0,0,7.7375,Q,U,2.1676241075599285,Miss,1,1
0,2,Male,25.0,1,0,26.0,S,U,3.295836866004329,Mr,2,0
0,3,Female,25.0,1,0,7.925,S,U,2.188856327665703,Miss,2,0
1,1,Female,29.0,0,0,211.3375,S,B,5.35817698994543,Miss,1,1
0,3,Male,11.0,0,0,18.7875,C,U,2.9850504252071306,Mr,1,1
0,2,Male,29.0,0,0,0.0,S,U,0.0,Mr,1,1
0,2,Male,23.0,0,0,13.0,S,U,2.639057329615259,Mr,1,1
0,2,Male,23.0,0,0,13.0,S,U,2.639057329615259,Mr,1,1
0,3,Male,28.5,0,0,16.1,S,U,2.8390784635086144,Mr,1,1
0,3,Female,48.0,1,3,34.375,S,U,3.5660053559634015,Mrs,5,0
1,1,Male,35.0,0,0,512.3292,C,B,6.240917354759096,Mr,1,1
0,3,Male,24.0,0,0,7.8958,S,U,2.1855792552411137,Mr,1,1
0,3,Male,24.0,0,0,7.8958,S,U,2.1855792552411137,Mr,1,1
1,1,Male,37.0,0,0,30.0,S,D,3.4339872044851463,Mr,1,1
0,1,Male,36.0,1,0,78.85,S,C,4.380149874661021,Mr,2,0
1,1,Female,21.0,2,2,262.375,C,B,5.5735788721243535,Miss,5,0
0,3,Male,24.0,1,0,16.1,S,U,2.8390784635086144,Mr,2,0
1,3,Male,31.0,0,0,7.925,S,U,2.188856327665703,Mr,1,1
0,1,Male,70.0,1,1,71.0,S,B,4.276666119016055,Rare,3,0
0,3,Male,16.0,1,1,20.25,S,U,3.056356895370426,Mr,3,0
1,2,Female,30.0,0,0,13.0,S,U,2.639057329615259,Miss,1,1
0,1,Male,19.0,1,0,53.1,S,D,3.9908341858524357,Mr,2,0
0,3,Male,31.0,0,0,7.75,Q,U,2.169053700369523,Mr,1,1
1,2,Female,4.0,1,1,23.0,S,U,3.1780538303479458,Miss,3,0
1,3,Male,6.0,0,1,12.475,S,E,2.600836116795061,Master,2,0
0,3,Male,33.0,0,0,9.5,S,U,2.3513752571634776,Mr,1,1
0,3,Male,23.0,0,0,7.8958,S,U,2.1855792552411137,Mr,1,1
1,2,Female,48.0,1,2,65.0,S,U,4.189654742026425,Mrs,4,0
1,2,Male,0.67,1,1,14.5,S,U,2.740840023925201,Master,3,0
0,3,Male,28.0,0,0,7.7958,S,U,2.174274334826008,Mr,1,1
0,2,Male,18.0,0,0,11.5,S,U,2.5257286443082556,Mr,1,1
0,3,Male,34.0,0,0,8.05,S,U,2.2027647577118348,Mr,1,1
1,1,Female,33.0,0,0,86.5,S,B,4.471638793363569,Rare,1,1
0,3,Male,24.0,0,0,14.5,S,U,2.740840023925201,Mr,1,1
0,3,Male,41.0,0,0,7.125,S,U,2.094945728215801,Mr,1,1
1,3,Male,20.0,0,0,7.2292,C,U,2.1076888046179385,Mr,1,1
1,1,Female,36.0,1,2,120.0,S,B,4.795790545596741,Mrs,4,0
0,3,Male,16.0,0,0,7.775,S,U,2.1719067693519296,Mr,1,1
1,1,Female,51.0,1,0,77.9583,S,D,4.368919865004903,Mrs,2,0
0,1,Male,37.0,0,0,39.6,C,U,3.703768066607687,Rare,1,1
0,3,Female,30.5,0,0,7.75,Q,U,2.169053700369523,Miss,1,1
0,3,Male,24.0,1,0,24.15,Q,U,3.224857896545748,Mr,2,0
0,3,Male,32.0,0,0,8.3625,S,U,2.236712348843338,Mr,1,1
0,3,Male,24.0,0,0,9.5,S,U,2.3513752571634776,Mr,1,1
0,3,Male,48.0,0,0,7.8542,S,U,2.180891922715322,Mr,1,1
0,2,Female,57.0,0,0,10.5,S,E,2.4423470353692043,Mrs,1,1
0,3,Male,24.0,0,0,7.225,C,U,2.1071782966514356,Mr,1,1
1,2,Female,54.0,1,3,23.0,S,U,3.1780538303479458,Mrs,5,0
0,3,Male,18.0,0,0,7.75,S,U,2.169053700369523,Mr,1,1
0,3,Male,24.0,0,0,7.75,Q,F,2.169053700369523,Mr,1,1
1,3,Female,5.0,0,0,12.475,S,U,2.600836116795061,Miss,1,1
0,3,Male,24.0,0,0,7.7375,Q,U,2.1676241075599285,Mr,1,1
1,1,Female,43.0,0,1,211.3375,S,B,5.35817698994543,Mrs,2,0
1,3,Female,13.0,0,0,7.2292,C,U,2.1076888046179385,Miss,1,1
1,1,Female,17.0,1,0,57.0,S,B,4.060443010546419,Mrs,2,0
0,1,Male,29.0,0,0,30.0,S,D,3.4339872044851463,Mr,1,1
0,3,Male,24.0,1,2,23.45,S,U,3.196630215920881,Mr,4,0
0,3,Male,25.0,0,0,7.05,S,U,2.085672091430472,Mr,1,1
0,3,Male,25.0,0,0,7.25,S,U,2.1102132003465894,Mr,1,1
1,3,Female,18.0,0,0,7.4958,S,U,2.139571923732859,Miss,1,1
0,3,Male,8.0,4,1,29.125,Q,U,3.405355391810819,Master,6,0
1,3,Male,1.0,1,2,20.575,S,U,3.0715352369694915,Master,4,0
0,1,Male,46.0,0,0,79.2,C,B,4.384523514872469,Mr,1,1
0,3,Male,24.0,0,0,7.75,Q,U,2.169053700369523,Mr,1,1
0,2,Male,16.0,0,0,26.0,S,U,3.295836866004329,Mr,1,1
0,3,Female,24.0,8,2,69.55,S,U,4.256321678298823,Miss,11,0
0,1,Male,37.0,0,0,30.6958,C,U,3.4561841799918147,Mr,1,1
0,3,Male,25.0,0,0,7.8958,S,U,2.1855792552411137,Mr,1,1
0,2,Male,39.0,0,0,13.0,S,U,2.639057329615259,Mr,1,1
1,1,Female,49.0,0,0,25.9292,S,D,3.2932111997353943,Rare,1,1
1,3,Female,31.0,0,0,8.6833,S,U,2.270402752283094,Mrs,1,1
0,3,Male,30.0,0,0,7.2292,C,U,2.1076888046179385,Mr,1,1
0,3,Female,30.0,1,1,24.15,S,U,3.224857896545748,Mrs,3,0
0,2,Male,34.0,0,0,13.0,S,U,2.639057329615259,Mr,1,1
1,2,Female,31.0,1,1,26.25,S,U,3.305053521109253,Mrs,3,0
1,1,Male,11.0,1,2,120.0,S,B,4.795790545596741,Master,4,0
1,3,Male,0.42,0,1,8.5167,C,U,2.2530481500547457,Master,2,0
1,3,Male,27.0,0,0,6.975,S,U,2.076311648670908,Mr,1,1
0,3,Male,31.0,0,0,7.775,S,U,2.1719067693519296,Mr,1,1
0,1,Male,39.0,0,0,0.0,S,A,0.0,Mr,1,1
0,3,Female,18.0,0,0,7.775,S,U,2.1719067693519296,Miss,1,1
0,2,Male,39.0,0,0,13.0,S,U,2.639057329615259,Mr,1,1
1,1,Female,33.0,1,0,53.1,S,E,3.9908341858524357,Mrs,2,0
0,3,Male,26.0,0,0,7.8875,S,U,2.1846457951293594,Mr,1,1
0,3,Male,39.0,0,0,24.15,S,U,3.224857896545748,Mr,1,1
0,2,Male,35.0,0,0,10.5,S,U,2.4423470353692043,Mr,1,1
0,3,Female,6.0,4,2,31.275,S,U,3.4742929367327062,Miss,7,0
0,3,Male,30.5,0,0,8.05,S,U,2.2027647577118348,Mr,1,1
0,1,Male,37.0,0,0,0.0,S,B,0.0,Mr,1,1
0,3,Female,23.0,0,0,7.925,S,U,2.188856327665703,Miss,1,1
0,2,Male,31.0,1,1,37.0042,C,U,3.637696679934592,Mr,3,0
0,3,Male,43.0,0,0,6.45,S,U,2.0082140323914683,Mr,1,1
0,3,Male,10.0,3,2,27.9,S,U,3.3638415951183864,Master,6,0
1,1,Female,52.0,1,1,93.5,S,B,4.548599834499697,Mrs,3,0
1,3,Male,27.0,0,0,8.6625,S,U,2.2682524139135403,Mr,1,1
0,1,Male,38.0,0,0,0.0,S,U,0.0,Rare,1,1
1,3,Female,27.0,0,1,12.475,S,E,2.600836116795061,Mrs,2,0
0,3,Male,2.0,4,1,39.6875,S,U,3.705920919968788,Master,6,0
0,3,Male,24.0,0,0,6.95,Q,U,2.0731719286662407,Mr,1,1
0,3,Male,24.0,0,0,56.4958,S,U,4.051711901657239,Mr,1,1
1,2,Male,1.0,0,2,37.0042,C,U,3.637696679934592,Master,3,0
1,3,Male,24.0,0,0,7.75,Q,U,2.169053700369523,Mr,1,1
1,1,Female,62.0,0,0,80.0,S,B,4.394449154672439,Mrs,1,1
1,3,Female,15.0,1,0,14.4542,C,U,2.737880811060884,Mrs,2,0
1,2,Male,0.83,1,1,18.75,S,U,2.9831534913471307,Master,3,0
0,3,Male,24.0,0,0,7.2292,C,U,2.1076888046179385,Mr,1,1
0,3,Male,23.0,0,0,7.8542,S,U,2.180891922715322,Mr,1,1
0,3,Male,18.0,0,0,8.3,S,U,2.2300144001592104,Mr,1,1
1,1,Female,39.0,1,1,83.1583,C,E,4.432699549165613,Miss,3,0
0,3,Male,21.0,0,0,8.6625,S,U,2.2682524139135403,Mr,1,1
0,3,Male,24.0,0,0,8.05,S,U,2.2027647577118348,Mr,1,1
1,3,Male,32.0,0,0,56.4958,S,U,4.051711901657239,Mr,1,1
1,1,Male,37.0,0,0,29.7,C,C,3.4242626545931514,Mr,1,1
0,3,Male,20.0,0,0,7.925,S,U,2.188856327665703,Mr,1,1
0,2,Male,16.0,0,0,10.5,S,U,2.4423470353692043,Mr,1,1
1,1,Female,30.0,0,0,31.0,C,U,3.4657359027997265,Miss,1,1
0,3,Male,34.5,0,0,6.4375,C,U,2.006534770871748,Mr,1,1
0,3,Male,17.0,0,0,8.6625,S,U,2.2682524139135403,Mr,1,1
0,3,Male,42.0,0,0,7.55,S,U,2.145931282948669,Mr,1,1
0,3,Male,24.0,8,2,69.55,S,U,4.256321678298823,Mr,11,0
0,3,Male,35.0,0,0,7.8958,C,U,2.1855792552411137,Mr,1,1
0,2,Male,28.0,0,1,33.0,S,U,3.5263605246161616,Rare,2,0
1,1,Female,37.0,1,0,89.1042,C,C,4.500966778400217,Mrs,2,0
0,3,Male,4.0,4,2,31.275,S,U,3.4742929367327062,Master,7,0
0,3,Male,74.0,0,0,7.775,S,U,2.1719067693519296,Mr,1,1
0,3,Female,9.0,1,1,15.2458,C,U,2.7878344138303452,Miss,3,0
1,1,Female,16.0,0,1,39.4,S,D,3.6988297849671046,Miss,2,0
0,2,Female,44.0,1,0,26.0,S,U,3.295836866004329,Mrs,2,0
1,3,Female,18.0,0,1,9.35,S,U,2.336986519711378,Mrs,2,0
1,1,Female,45.0,1,1,164.8667,S,U,5.11118445372147,Mrs,3,0
1,1,Male,51.0,0,0,26.55,S,E,3.3160025355989236,Mr,1,1
1,3,Female,24.0,0,3,19.2583,C,U,3.0085645861193133,Mrs,4,0
0,3,Male,24.0,0,0,7.2292,C,U,2.1076888046179385,Mr,1,1
0,3,Male,41.0,2,0,14.1083,S,U,2.7152442616824506,Mr,3,0
0,2,Male,21.0,1,0,11.5,S,U,2.5257286443082556,Mr,2,0
1,1,Female,48.0,0,0,25.9292,S,D,3.2932111997353943,Mrs,1,1
0,3,Female,24.0,8,2,69.55,S,U,4.256321678298823,Miss,11,0
0,2,Male,24.0,0,0,13.0,S,U,2.639057329615259,Mr,1,1
1,2,Female,42.0,0,0,13.0,S,U,2.639057329615259,Mrs,1,1
1,2,Female,27.0,1,0,13.8583,C,U,2.698558631668595,Miss,2,0
0,1,Male,31.0,0,0,50.4958,S,A,3.941500250945973,Mr,1,1
0,3,Male,24.0,0,0,9.5,S,U,2.3513752571634776,Mr,1,1
1,3,Male,4.0,1,1,11.1333,S,U,2.4959537387180646,Master,3,0
0,3,Male,26.0,0,0,7.8958,S,U,2.1855792552411137,Mr,1,1
1,1,Female,47.0,1,1,52.5542,S,D,3.9806942251907276,Mrs,3,0
0,1,Male,33.0,0,0,5.0,S,B,1.791759469228055,Mr,1,1
0,3,Male,47.0,0,0,9.0,S,U,2.302585092994046,Mr,1,1
1,2,Female,28.0,1,0,24.0,C,U,3.2188758248682006,Mrs,2,0
1,3,Female,15.0,0,0,7.225,C,U,2.1071782966514356,Miss,1,1
0,3,Male,20.0,0,0,9.8458,S,U,2.3837779082709787,Mr,1,1
0,3,Male,19.0,0,0,7.8958,S,U,2.1855792552411137,Mr,1,1
0,3,Male,24.0,0,0,7.8958,S,U,2.1855792552411137,Mr,1,1
1,1,Female,56.0,0,1,83.1583,C,C,4.432699549165613,Mrs,2,0
1,2,Female,25.0,0,1,26.0,S,U,3.295836866004329,Mrs,2,0
0,3,Male,33.0,0,0,7.8958,S,U,2.1855792552411137,Mr,1,1
0,3,Female,22.0,0,0,10.5167,S,U,2.4437981558973862,Miss,1,1
0,2,Male,28.0,0,0,10.5,S,U,2.4423470353692043,Mr,1,1
0,3,Male,25.0,0,0,7.05,S,U,2.085672091430472,Mr,1,1
0,3,Female,39.0,0,5,29.125,Q,U,3.405355391810819,Mrs,6,0
0,2,Male,27.0,0,0,13.0,S,U,2.639057329615259,Rare,1,1
1,1,Female,19.0,0,0,30.0,S,B,3.4339872044851463,Miss,1,1
0,3,Female,24.0,1,2,23.45,S,U,3.196630215920881,Miss,4,0
1,1,Male,26.0,0,0,30.0,C,C,3.4339872044851463,Mr,1,1
0,3,Male,32.0,0,0,7.75,Q,U,2.169053700369523,Mr,1,1
